code,NAME,display_en,display_ru,ordinal
LOC_001,Обустройство объектов на базе филиала «Норт Каспиан Оперейтинг Компани Н.В,Обустройство объектов на базе филиала «Норт Каспиан Оперейтинг Компани Н.В,,1
LOC_002,LQB 5 - ЖПК 5,LQB 5,ЖПК 5,2
LOC_003,LQB 6 - ЖПК 6,LQB 6,ЖПК 6,3
LOC_004,LQB 7 - ЖПК 7,LQB 7,ЖПК 7,4
LOC_005,Process & utility area of EWRP - Зона технологических установок и установок инженерного обеспечения ЖКЗЕ,Process & utility area of EWRP,Зона технологических установок и установок инженерного обеспечения ЖКЗЕ,5
LOC_006,Field development of the Kashagan oil field. Debottlenecking (DBN) of the offshore complex - Обустройство месторождения Кашаган. Устранение узких мест на морском комплексе,Field development of the Kashagan oil field. Debottlenecking (DBN) of the offshore complex,Обустройство месторождения Кашаган. Устранение узких мест на морском комплексе,6
LOC_007,Development of the Kashagan Oil Field field. Increase of production capacity to up to 450 thousand barrels per day at the Offshore Complex. Construction of a hangar at the process support facility - Обустройство месторождения Кашаган. Наращивание производительности до 450 тыс. баррелей/сутки на Морском комплексе. Строительство ангара на площадке обеспечения технологического процесса,Development of the Kashagan Oil Field field. Increase of production capacity to up to 450 thousand barrels per day at the Offshore Complex. Construction of a hangar at the process support facility,Обустройство месторождения Кашаган. Наращивание производительности до 450 тыс. баррелей/сутки на Морском комплексе. Строительство ангара на площадке обеспечения технологического процесса,7
LOC_008,«Samal» Camps - Вахтовые поселки «Самал»,«Samal» Camps,Вахтовые поселки «Самал»,8
LOC_009,1BCMA - Строительство трубопровода сырого газа,1BCMA,Строительство трубопровода сырого газа,9
LOC_010,Akku-1 barge - Баржа Акку-1,Akku-1 barge,Баржа Акку-1,10
LOC_011,Akku-2 barge - Баржа Акку-2,Akku-2 barge,Баржа Акку-2,11
LOC_012,Amin line construction area - Район строительства линии амина,Amin line construction area,Район строительства линии амина,12
LOC_013,Areas of work of contractors - Участки работ подрядных организаций,Areas of work of contractors,Участки работ подрядных организаций,13
LOC_014,Atyrau training center - Атырауский Учебный Центр,Atyrau training center,Атырауский Учебный Центр,14
LOC_015,Barges - Баржи,Barges,Баржи,15
LOC_016,Construction of marine shipping channels LQB 5 - Строительство морских судоходных каналов ЖПК 5,Construction of marine shipping channels LQB 5,Строительство морских судоходных каналов ЖПК 5,16
LOC_017,Construction of marine shipping channels LQB 6 - Строительство морских судоходных каналов ЖПК 6,Construction of marine shipping channels LQB 6,Строительство морских судоходных каналов ЖПК 6,17
LOC_018,Construction of marine shipping channels LQB 7 - Строительство морских судоходных каналов ЖПК 7,Construction of marine shipping channels LQB 7,Строительство морских судоходных каналов ЖПК 7,18
LOC_019,Construction of warehouses at Eskene West for equipment and materials storage - Строительство Складов для хранения оборудования и материалов на Западном Ескене,Construction of warehouses at Eskene West for equipment and materials storage,Строительство Складов для хранения оборудования и материалов на Западном Ескене,19
LOC_020,Data center - Центр Обработки Данных,Data center,Центр Обработки Данных,20
LOC_021,"EP ""Modernization of facilities at the Bolashak OPF for the sale of liquefied petroleum gas (LPG)"" - РООС «Модернизация объектов на УКПНиГ Болашак для реализации сжиженного нефтяного газа (СНГ)»","EP ""Modernization of facilities at the Bolashak OPF for the sale of liquefied petroleum gas (LPG)""",РООС «Модернизация объектов на УКПНиГ Болашак для реализации сжиженного нефтяного газа (СНГ)»,21
LOC_022,EP «Expansion of the Samal camp. Residential block B4» - РООС «Расширение ВП Самал. Жилой блок В4»,EP «Expansion of the Samal camp. Residential block B4»,РООС «Расширение ВП Самал. Жилой блок В4»,22
LOC_023,EP «Modernization of the inlet gas separator» - РООС «Модернизация входного газосепаратора»,EP «Modernization of the inlet gas separator»,РООС «Модернизация входного газосепаратора»,23
LOC_024,Equipment for auxiliary works - Оборудование к вспомогательным работам,Equipment for auxiliary works,Оборудование к вспомогательным работам,24
LOC_025,Evacuation barge Zerock - Баржа эвакуационной защиты Zerock,Evacuation barge Zerock,Баржа эвакуационной защиты Zerock,25
LOC_026,EW - Западный Ескене,EW,Западный Ескене,26
LOC_027,EW/OPF - Западный Ескене/ УКПНиГ Болашак,EW/OPF,Западный Ескене/ УКПНиГ Болашак,27
LOC_028,General construction work - Общеремонтные и строительные работы,General construction work,Общеремонтные и строительные работы,28
LOC_029,Industrial Area - Предзаводская зона,Industrial Area,Предзаводская зона,29
LOC_030,Industrial laboratory - Производственная лаборатория,Industrial laboratory,Производственная лаборатория,30
LOC_031,ISS - Оборудование для вспомогательных работ и обучение персонала,ISS,Оборудование для вспомогательных работ и обучение персонала,31
LOC_032,Karabatan Railway Station - Железнодорожная станция Карабатан,Karabatan Railway Station,Железнодорожная станция Карабатан,32
LOC_033,Koshanai - Площадка Кошанай,Koshanai,Площадка Кошанай,33
LOC_034,Lashyn-1 barge - Баржа Лашын-1,Lashyn-1 barge,Баржа Лашын-1,34
LOC_035,Lashyn-2 barge - Баржа Лашын-2,Lashyn-2 barge,Баржа Лашын-2,35
LOC_036,Lashyn-3 barge - Баржа Лашын-3,Lashyn-3 barge,Баржа Лашын-3,36
LOC_037,Lashyn-4 barge - Баржа Лашын-4,Lashyn-4 barge,Баржа Лашын-4,37
LOC_038,Lashyn-5 barge - Баржа Лашын-5,Lashyn-5 barge,Баржа Лашын-5,38
LOC_039,LQB 1 - ЖПК 1,LQB 1,ЖПК 1,39
LOC_040,LQB 2 - ЖПК 2,LQB 2,ЖПК 2,40
LOC_041,LQB 3 - ЖПК 3,LQB 3,ЖПК 3,41
LOC_042,LQB 4 - ЖПК 4,LQB 4,ЖПК 4,42
LOC_043,LQB Karlygash - ЖПК Карлыгаш,LQB Karlygash,ЖПК Карлыгаш,43
LOC_044,LQB Nur - ЖПК Нур,LQB Nur,ЖПК Нур,44
LOC_045,LQB Shapagat - ЖПК Шапагат,LQB Shapagat,ЖПК Шапагат,45
LOC_046,LTSC - Установка 300. Входной газосепаратор. Модернизация.,LTSC,Установка 300. Входной газосепаратор. Модернизация.,46
LOC_047,Marine support base Bautino - База поддержки морских операций Баутино,Marine support base Bautino,База поддержки морских операций Баутино,47
LOC_048,Medical center - Медицинский центр,Medical center,Медицинский центр,48
LOC_049,Modifications and change of purpose of temporary office ТСО-6 into a workshop - Модификации и изменение целевого назначения временного офиса ТСО-6 в мастерскую,Modifications and change of purpose of temporary office ТСО-6 into a workshop,Модификации и изменение целевого назначения временного офиса ТСО-6 в мастерскую,49
LOC_050,Motor park - Автопарк,Motor park,Автопарк,50
LOC_051,NDD Maintanance - Обслуживание NDD,NDD Maintanance,Обслуживание NDD,51
LOC_052,NDD pipeline - NDD трубопровод,NDD pipeline,NDD трубопровод,52
LOC_053,Oil spill response (OSR) Equipment - Оборудовние для реагирования на нефтяные разливы,Oil spill response (OSR) Equipment,Оборудовние для реагирования на нефтяные разливы,53
LOC_054,Oil spill response area - Участок службы реагирования на нефтяные разливы,Oil spill response area,Участок службы реагирования на нефтяные разливы,54
LOC_055,Onshore NWTF,Onshore NWTF,,55
LOC_056,Planned preventive repairs areas - Участки планово-предупредительного ремонта,Planned preventive repairs areas,Участки планово-предупредительного ремонта,56
LOC_057,Process Area - Зона технологических установок,Process Area,Зона технологических установок,57
LOC_058,Process Units - Технологические установки,Process Units,Технологические установки,58
LOC_059,Process utility area - Зона установок инженерного обеспечения,Process utility area,Зона установок инженерного обеспечения,59
LOC_060,Process utility area - Участок инженерного обеспечения,Process utility area,Участок инженерного обеспечения,60
LOC_061,Provision of IBEEVs Management Services - Береговые генераторы для IBEEV,Provision of IBEEVs Management Services,Береговые генераторы для IBEEV,61
LOC_062,Railway and bus station «Bolashak» - Ж/Д станция и автостанция «Болашак»,Railway and bus station «Bolashak»,Ж/Д станция и автостанция «Болашак»,62
LOC_063,Reconstruction of the drinking water warehouse building - Реконструкция здания склада питьевой воды,Reconstruction of the drinking water warehouse building,Реконструкция здания склада питьевой воды,63
LOC_064,Repair works - Ремонтные работы,Repair works,Ремонтные работы,64
LOC_065,Samal Camp Utilities - Зона инженерного обеспечения вахтового поселка Самал,Samal Camp Utilities,Зона инженерного обеспечения вахтового поселка Самал,65
LOC_066,Support barge TUB - Баржа поддержки TUB,Support barge TUB,Баржа поддержки TUB,66
LOC_067,Upgrade of wastewater treatment unit in «Samal» camp - Модернизация установки очистки сточных вод вахтового поселка «Самал»,Upgrade of wastewater treatment unit in «Samal» camp,Модернизация установки очистки сточных вод вахтового поселка «Самал»,67
LOC_068,Waste Management - Управление отходами,Waste Management,Управление отходами,68
LOC_069,Waste Water Treatment - Установка очистки вод технологических процессов,Waste Water Treatment,Установка очистки вод технологических процессов,69
LOC_070,Well services and intervention site - Участок сервисного обслуживания скважин и внутрискважинных работ,Well services and intervention site,Участок сервисного обслуживания скважин и внутрискважинных работ,70
LOC_071,Workshope Barge - Рабочая баржа,Workshope Barge,Рабочая баржа,71
